id;monday_id;name;email;url
1;3431;Shoes;Adrianna3@gmail.com;https://unlucky-geography.info
2;86479;refund;Koby_Medhurst38@hotmail.com;http://cool-dolman.org
3;14418;view Future;Manuela13@gmail.com;https://active-bore.name
4;66584;Gardena;Jessika77@yahoo.com;http://third-bronze.info
5;79293;South navigate;Trevor55@gmail.com;https://spry-mussel.info
6;1750;Southeast maroon;Lennie36@hotmail.com;http://harmful-suit.name
7;65657;protocol Southeast;Shana_Heathcote@gmail.com;https://immaculate-jumpsuit.net
8;43768;Manager District;Clyde47@gmail.com;http://meager-hose.net
9;94894;BMX West Southwest;Nia53@gmail.com;https://granular-mining.name
10;64726;withdrawal;Luis54@yahoo.com;http://frightening-chino.org
