id;board_id;column_id;title;type
1;bypass bypass;blue;sky Games success;Function-based initiatives Angola
2;Lodge Idaho hack;bus Dynamic Michigan;pink THX;Metal
3;Squares Bedfordshire Global;hacking architectures services;Fish;Corporate
4;Mobility Rubber;Fantastic magenta;Steel Multi-channelled;Groves Stravenue
5;transmit sensor Louisiana;grow Designer;Steel Wooden index;Egyptian HDD Implementation
6;Walk;online;didactic;Gloves Regional Shirt
7;violet;connecting Web streamline;Creative deposit;Health Direct Croatian
8;connecting;Drives solid;Small;Burg Towels
9;Kenyan;Communications hub Tuna;Unbranded Towels;asynchronous
10;Underpass Personal Soft;Man withdrawal up;Berkshire program;Cambodia
